<?xml version="1.0" encoding="UTF-8"?>
<project-private xmlns="http://www.netbeans.org/ns/project-private/1">
    <editor-bookmarks xmlns="http://www.netbeans.org/ns/editor-bookmarks/2" lastBookmarkId="0"/>
    <open-files xmlns="http://www.netbeans.org/ns/projectui-open-files/2">
        <group>
            <file>file:/Users/nikitagolev/NetBeansProjects/NikitaUnit5/src/nikitaunit5/GameBooth.java</file>
            <file>file:/Users/nikitagolev/NetBeansProjects/NikitaUnit5/src/nikitaunit5/Carnival.java</file>
            <file>file:/Users/nikitagolev/NetBeansProjects/NikitaUnit5/src/nikitaunit5/Player.java</file>
        </group>
    </open-files>
</project-private>
